'SELECT species,date,lat,lon,alt,trail FROM Blooms WHERE genus(species)=="Nemophila";'
"Nemophila menziesii","2010-04-06 10:07:46",0,0,0,"Forbush Canyon Trail"
"Nemophila menziesii","2010-04-06 10:07:58",0,0,0,"Forbush Canyon Trail"
"Nemophila menziesii","2011-03-06 16:27:05",0,0,0,"Romero Back Rd."
"Nemophila menziesii","2011-03-06 16:27:24",0,0,0,"Romero Back Rd."
"Nemophila menziesii","2011-03-06 16:27:44",0,0,0,"Romero Back Rd."
"Nemophila menziesii","2011-03-06 16:27:55",0,0,0,"Romero Back Rd."
"Nemophila menziesii","2011-03-06 16:28:39",0,0,0,"Romero Back Rd."
"Nemophila menziesii","2011-03-06 16:29:10",0,0,0,"Romero Back Rd."
"Nemophila menziesii","2011-03-06 16:29:18",0,0,0,"Romero Back Rd."
"Nemophila menziesii","2011-03-06 16:38:38",0,0,0,"Romero Back Rd."
"Nemophila menziesii","2011-03-06 16:41:07",0,0,0,"Romero Back Rd."
"Nemophila menziesii","2011-03-06 16:41:29",0,0,0,"Romero Back Rd."
"Nemophila menziesii","2011-03-06 16:42:33",0,0,0,"Romero Back Rd."
"Nemophila menziesii","2011-03-01 12:03:19",34.4795519,-119.5650223,697.5999756,"Romero Back Rd."
"Nemophila menziesii","2011-03-01 12:03:30",34.4795558,-119.5650246,694.2000122,"Romero Back Rd."
"Nemophila menziesii","2011-03-01 12:03:47",34.4796288,-119.5650493,700.5,"Romero Back Rd."
"Nemophila menziesii","2011-03-01 12:01:36",34.4796307,-119.5649121,701.9000244,"Romero Back Rd."
"Nemophila menziesii","2011-03-01 12:01:53",34.4796319,-119.5650768,699,"Romero Back Rd."
"Nemophila menziesii","2011-03-01 12:02:22",34.4796295,-119.5650502,701.4000244,"Romero Back Rd."
"Nemophila menziesii","2012-03-03 17:02:04",34.4934413,-119.636185,834,"Cold Spring Back"
"Nemophila menziesii","2012-03-03 17:02:16",34.4934413,-119.636185,834,"Cold Spring Back"
"Nemophila menziesii","2012-03-03 17:02:31",34.4934413,-119.636185,834,"Cold Spring Back"
"Nemophila menziesii","2012-03-03 17:02:08",34.4933333,-119.6361667,832,"Cold Spring Back"
"Nemophila menziesii","2012-03-27 13:51:20",34.4983885,-119.6788317,797.5999756,"Gibraltar Back Rd."
"Nemophila menziesii","2012-03-27 13:51:52",34.4982408,-119.6791406,790.2999878,"Gibraltar Back Rd."
"Nemophila menziesii","2012-03-27 13:52:01",34.4982402,-119.6791276,788.4000244,"Gibraltar Back Rd."
"Nemophila menziesii","2012-04-03 12:06:26",0,0,0,"Arroyo Burro Back Trail"
"Nemophila menziesii","2012-04-23 16:58:18",0,0,0,"Arroyo Burro Back Trail"
"Nemophila menziesii","2012-05-06 16:52:07",0,0,0,"Arroyo Burro Back Trail"
"Nemophila menziesii","2012-05-06 16:52:22",0,0,0,"Arroyo Burro Back Trail"
"Nemophila menziesii","2012-05-13 10:35:34",34.4743766,-119.5731776,911.9000244,"Divide Peak FRd."
"Nemophila menziesii","2013-03-10 14:07:09",34.4934095,-119.6361816,840,"Cold Spring Back"
"Nemophila menziesii","2013-03-10 14:07:14",0,0,0,"Cold Spring Back"
"Nemophila menziesii","2013-03-10 14:07:59",0,0,0,"Cold Spring Back"
"Nemophila menziesii","2013-04-07 15:15:37",34.5103048,-119.7562713,864.4000244,"Arroyo Burro Back Trail"
"Nemophila menziesii","2013-04-07 15:15:49",34.5103048,-119.7562713,864.4000244,"Arroyo Burro Back Trail"
"Nemophila menziesii","2012-05-13 10:35:34",34.4743766,-119.5731776,911.9000244,"Divide Peak FRd."
"Nemophila menziesii","2014-04-26 16:10:14",34.5494363,-119.7860906,374.6000061,"Aliso Loop"
"Nemophila menziesii","2015-03-11 10:34:02",34.4932204,-119.6362376,878.7000122,"Cold Spring Back"
"Nemophila menziesii","2015-03-15 08:58:53",34.5281626,-119.7520622,0,"Arroyo Burro Back Rd."
"Nemophila menziesii","2015-03-15 10:09:38",34.5098915,-119.7567367,0,"Arroyo Burro Back Trail"
"Nemophila menziesii","2016-03-03 12:05:00",34.4932384,-119.6362925,802.2999878,"Cold Spring Back"
"Nemophila menziesii","2016-03-15 13:25:57",34.5099933,-119.7566759,845.5999756,"Arroyo Burro Back Trail"
"Nemophila menziesii","2016-03-15 13:26:51",34.5099671,-119.7566674,850.5999756,"Arroyo Burro Back Trail"
"Nemophila menziesii","2016-03-17 13:44:02",34.4933801,-119.636142,840.2000122,"Cold Spring Back"
"Nemophila menziesii","2017-02-11 12:41:41",34.4933647,-119.6361966,854.2999878,"Cold Spring Back"
"Nemophila menziesii","2017-02-11 12:41:47",34.4933683,-119.636195,854.0999756,"Cold Spring Back"
"Nemophila menziesii","2017-02-14 12:01:37",34.5098988,-119.7567302,850.0999756,"Arroyo Burro Back Trail"
"Nemophila menziesii","2017-02-26 15:30:03",34.4932934,-119.6361829,841.4000244,"Cold Spring Back"
"Nemophila menziesii","2017-02-26 15:30:15",34.4931874,-119.636195,841.9000244,"Cold Spring Back"
"Nemophila menziesii","2017-02-26 15:30:23",34.4931043,-119.6361993,842.5,"Cold Spring Back"
"Nemophila menziesii","2017-02-26 15:26:20",34.4934615,-119.6361934,839.5,"Cold Spring Back"
"Nemophila menziesii","2017-02-26 15:26:54",34.4934572,-119.6361917,839.7000122,"Cold Spring Back"
"Nemophila menziesii","2017-03-07 09:52:26",34.4782298,-119.5660911,694.5999756,"Romero Back Rd."
"Nemophila menziesii","2017-03-25 14:58:38",34.5038086,-119.2335536,1152.099976,"Gridley Trail"
"Nemophila menziesii","2018-02-11 11:32:54",34.4929657,-119.6362192,843,"Cold Spring Back"
"Nemophila menziesii","2018-03-27 11:52:35",34.5513196,-119.7857252,339.7999878,"Aliso Trail"
"Nemophila menziesii","2018-03-27 11:52:51",34.5513669,-119.7857142,342.2000122,"Aliso Trail"
"Nemophila menziesii","2018-04-05 08:10:13",34.4929324,-119.6362628,875.5,"Cold Spring Back"
"Nemophila menziesii","2018-04-05 08:12:01",34.4931291,-119.6362155,862.5,"Cold Spring Back"
"Nemophila parviflora parviflora","2018-03-10 11:58:21",34.4289332,-119.7313171,67.59999847,"Garden Home"
"Nemophila parviflora parviflora","2018-05-12 17:08:02",34.4289332,-119.7313171,67.59999847,"Garden Home"
"Nemophila parviflora parviflora","2018-05-12 17:08:12",34.4289332,-119.7313171,67.59999847,"Garden Home"
"Nemophila parviflora parviflora","2018-05-12 17:08:43",34.4289332,-119.7313171,67.59999847,"Garden Home"
"Nemophila parviflora parviflora","2018-05-12 18:56:47",34.4289332,-119.7313171,67.59999847,"Garden Home"
"Nemophila parviflora parviflora","2018-05-12 18:57:26",34.4289332,-119.7313171,67.59999847,"Garden Home"
"Nemophila parviflora parviflora","2018-05-12 18:58:00",34.4289332,-119.7313171,67.59999847,"Garden Home"
"Nemophila parviflora parviflora","2018-05-14 09:21:01",34.4289332,-119.7313171,67.59999847,"Garden Home"
"Nemophila parviflora parviflora","2018-05-14 09:22:00",34.4289332,-119.7313171,67.59999847,"Garden Home"
"Nemophila parviflora parviflora","2018-05-14 09:22:23",34.4289332,-119.7313171,67.59999847,"Garden Home"
"Nemophila parviflora parviflora","2018-05-14 09:22:35",34.4289332,-119.7313171,67.59999847,"Garden Home"
"Nemophila parviflora parviflora","2018-05-14 09:22:53",34.4289332,-119.7313171,67.59999847,"Garden Home"
"Nemophila parviflora parviflora","2018-05-14 09:26:25",34.4289332,-119.7313171,67.59999847,"Garden Home"
"Nemophila sp.","2018-10-31 12:37:36",34.4289332,-119.7313171,67.59999847,"Garden Home"
"Nemophila sp.","2018-11-05 09:25:58",34.4289332,-119.7313171,67.59999847,"Garden Home"
"Nemophila parviflora parviflora","2018-03-19 11:09:33",34.4289332,-119.7313171,67.59999847,"Garden Home"
"Nemophila parviflora parviflora","2018-03-19 11:09:59",34.4289332,-119.7313171,67.59999847,"Garden Home"
"Nemophila parviflora parviflora","2018-04-07 12:08:27",34.4289332,-119.7313171,67.59999847,"Garden Home"
"Nemophila parviflora parviflora","2018-04-11 07:30:17",34.4289332,-119.7313171,67.59999847,"Garden Home"
"Nemophila parviflora parviflora","2018-01-14 14:27:39",34.4289332,-119.7313171,67.59999847,"Garden Home"
"Nemophila parviflora parviflora","2018-01-07 12:35:32",34.4290717,-119.7314067,nan,"Garden Home"
"Nemophila menziesii","2019-01-11 13:41:17",34.4928845,-119.6362193,842.7000122,"Cold Spring Back"
"Nemophila menziesii","2019-01-11 13:41:35",34.4928818,-119.6362187,844.5,"Cold Spring Back"
"Nemophila menziesii","2019-01-11 13:42:33",34.4928732,-119.6362168,850.2000122,"Cold Spring Back"
"Nemophila menziesii","2019-01-11 13:42:55",34.492854,-119.636217,851.7000122,"Cold Spring Back"
"Nemophila menziesii","2019-01-20 10:27:34",34.4933125,-119.6361211,838.7999878,"Cold Spring Back"
"Nemophila menziesii","2019-01-22 11:49:19",34.5099781,-119.75667,860,"Arroyo Burro Back Trail"
"Nemophila parviflora parviflora","2019-02-05 11:05:01",34.497142,-119.6384185,745.7999878,"Forbush Meadow"
"Nemophila parviflora parviflora","2019-02-05 11:05:19",34.4971406,-119.6384141,744.2999878,"Forbush Meadow"
"Nemophila sp.","2019-02-14 16:11:47",34.4579336,-119.6378658,363.7000122,"Saddlerock Connector"
"Nemophila sp.","2019-02-14 16:11:27",34.4579503,-119.6378538,362.7999878,"Saddlerock Connector"
"Nemophila sp.","2019-02-14 16:10:49",34.4580008,-119.6378036,360.5,"Saddlerock Connector"
"Nemophila sp.","2019-02-14 16:14:20",34.4577208,-119.6376128,371.7999878,"Saddlerock Connector"
"Nemophila sp.","2019-02-14 16:16:30",34.4575135,-119.6370037,383.7000122,"Saddlerock Connector"
"Nemophila sp.","2019-02-14 16:17:33",34.4574531,-119.6366316,389.5,"Saddlerock Connector"
"Nemophila sp.","2019-02-14 16:19:04",34.4572852,-119.6360124,396.7000122,"Saddlerock Connector"
"Nemophila menziesii","2019-02-26 10:58:42",34.551591,-119.7700784,335.8999939,"Oso Horsetrail"
"Nemophila sp.","2019-03-07 12:55:35",34.4616804,-119.6481091,504.7999878,"Cold Spring Below Powerlines"
"Nemophila sp.","2019-03-07 12:57:33",34.4621318,-119.6490356,488.7000122,"Cold Spring Below Powerlines"
"Nemophila menziesii","2019-03-12 10:05:08",34.4925647,-119.6361352,904.2000122,"Cold Spring Back"
"Nemophila menziesii","2019-03-19 12:42:52",34.5577406,-119.7711076,387.2000122,"Camuesa Canyon FRd"
"Nemophila menziesii","2019-03-24 13:28:04",34.4933957,-119.6361713,837.5999756,"Cold Spring Back"
"Nemophila menziesii","2019-03-26 12:35:05",34.5998515,-119.7483589,1337.800049,"Little Pine Summit Trail"
"Nemophila menziesii","2019-03-26 15:26:41",34.5633128,-119.7688725,408.3999939,"Camuesa Canyon FRd"
"Nemophila parviflora parviflora","2019-04-02 11:36:23",34.4971774,-119.6383843,737.2000122,"Forbush Meadow"
"Nemophila parviflora parviflora","2019-04-02 11:36:49",34.4971794,-119.6383927,736,"Forbush Meadow"
"Nemophila menziesii","2019-04-11 12:12:18",34.4742122,-119.5002898,910.4000244,"Franklin Back Trail"
"Nemophila menziesii","2019-04-11 12:12:20",34.4742123,-119.5002881,909.9000244,"Franklin Back Trail"
"Nemophila menziesii","2019-04-11 12:12:53",34.4742138,-119.5002593,903.0999756,"Franklin Back Trail"
"Nemophila menziesii","2020-02-27 13:03:02",34.4934676,-119.6361704,835.2999878,"Cold Spring Back"
"Nemophila menziesii","2020-03-08 12:35:38",34.493197,-119.6361772,836.5999756,"Cold Spring Back"
"Nemophila menziesii","2020-03-25 09:57:42",34.4929484,-119.6362172,873.7000122,"Cold Spring Back"
"Nemophila menziesii","2020-03-25 09:57:50",34.4929519,-119.6362153,872.5999756,"Cold Spring Back"
"Nemophila sp.","2020-03-25 13:14:43",34.5089078,-119.6311102,470.7999878,"CS Mono"
"Nemophila menziesii","2022-03-06 13:26:14",34.479471,-119.4946697,797.2000122,"Franklin Back Trail"
"Nemophila menziesii","2022-03-06 13:26:40",34.4794903,-119.4946679,795.2000122,"Franklin Back Trail"
"Nemophila menziesii","2012-03-01 00:00:00",34.4934413,-119.636185,834,"Cold Spring Back"
"Nemophila menziesii","2012-03-04 00:00:00",34.5175926,-119.7567846,615.9000244,"Arroyo Burro Back Trail"
"Nemophila menziesii","2012-03-04 00:00:00",34.515661,-119.7565488,647.0999756,"Arroyo Burro Back Trail"
"Nemophila menziesii","2012-03-24 00:00:00",0,0,0,"Arroyo Burro Back Trail"
"Nemophila menziesii","2012-03-27 00:00:00",34.4982402,-119.6791276,797.5999756,"Gibraltar Back Rd."
"Nemophila menziesii","2012-04-28 00:00:00",0,0,0,"Leona Divide"
"Nemophila menziesii","2012-05-13 00:00:00",0,0,0,"Romero Back Rd."
"Nemophila menziesii","2012-05-14 00:00:00",0,0,0,"NULL"
"Nemophila menziesii","2013-03-10 00:00:00",34.4934095,-119.6361816,0,"Cold Spring Back"
"Nemophila menziesii","2013-03-13 00:00:00",0,0,0,"Arroyo Burro Back Trail"
"Nemophila menziesii","2013-03-24 00:00:00",0,0,0,"Cold Spring Back"
"Nemophila menziesii","2013-03-24 00:00:00",0,0,0,"Arroyo Burro Back Trail"
"Nemophila menziesii","2013-03-25 00:00:00",0,0,0,"Santa Cruz Trail (Upper Oso)"
"Nemophila menziesii","2013-04-07 00:00:00",34.5103048,-119.7562713,0,"Arroyo Burro Back Trail"
"Nemophila menziesii","2014-03-23 00:00:00",0,0,0,"Arroyo Burro Back Trail"
"Nemophila menziesii","2014-04-14 00:00:00",0,0,0,"Arroyo Burro Back Trail"
"Nemophila menziesii","2015-02-22 09:56:26",34.5998445,-119.7483726,1335.400024,"Little Pine Summit Trail"
"Nemophila menziesii","2015-02-22 14:50:41",34.5659568,-119.7611644,424.2000122,"Santa Cruz Trail (Upper Oso)"
"Nemophila menziesii","2015-03-03 10:10:36",34.528116,-119.7520709,512,"Arroyo Burro Back Rd."
"Nemophila menziesii","2015-03-11 10:34:31",34.49343,-119.6362223,873,"Cold Spring Back"
"Nemophila menziesii","2015-03-11 10:34:46",34.4934492,-119.6362122,868.4000244,"Cold Spring Back"
"Nemophila menziesii","2015-03-11 12:32:22",34.4935261,-119.6361709,835.4000244,"Cold Spring Back"
"Nemophila menziesii","2015-03-11 12:32:25",34.4935261,-119.6361709,835.4000244,"Cold Spring Back"
"Nemophila menziesii","2015-03-11 12:33:37",34.4928649,-119.6362255,844.5999756,"Cold Spring Back"
"Nemophila menziesii","2015-03-11 12:33:47",34.4928315,-119.6362468,846,"Cold Spring Back"
"Nemophila menziesii","2015-03-15 10:08:19",34.5102601,-119.7562307,898,"Arroyo Burro Back Trail"
"Nemophila menziesii","2015-03-15 10:09:31",34.5099134,-119.7566654,886.4000244,"Arroyo Burro Back Trail"
"Nemophila menziesii","2015-03-15 10:47:29",34.5177522,-119.7570904,620.2000122,"Arroyo Burro Back Trail"
"Nemophila menziesii","2015-03-17 08:36:47",34.4611765,-119.6497751,500,"Cold Spring Ridge Trail"
"Nemophila menziesii","2015-03-21 15:37:58",34.566088,-119.7616631,422.6000061,"Santa Cruz Trail (Upper Oso)"
"Nemophila menziesii","2015-04-05 11:38:24",34.493951,-119.597691,470,"Blue Canyon Trail Cot2Rom"
"Nemophila menziesii","2015-04-05 11:51:11",34.49423,-119.605956,432,"Blue Canyon Trail Cot2Rom"
"Nemophila menziesii","2015-04-11 15:16:05",34.510158,-119.75648,828,"Arroyo Burro Back Trail"
"Nemophila menziesii","2015-04-11 16:31:51",34.518628,-119.758256,539,"Arroyo Burro Back Trail"
"Nemophila menziesii","2016-02-23 00:00:00",0,0,0,"Cold Spring Back"
"Nemophila menziesii","2016-03-08 10:18:37",34.4934079,-119.6361719,790,"Cold Spring Back"
"Nemophila menziesii","2016-03-08 10:22:18",34.4928281,-119.6362944,799,"Cold Spring Back"
"Nemophila menziesii","2016-03-15 09:08:29",34.510039,-119.7568744,838,"Arroyo Burro Back Trail"
"Nemophila menziesii","2016-03-15 11:24:56",34.5659944,-119.7613777,392,"Santa Cruz Trail (Upper Oso)"
"Nemophila menziesii","2016-03-15 12:53:27",34.5177815,-119.7570514,596,"Arroyo Burro Back Trail"
"Nemophila menziesii","2016-03-15 13:27:12",34.5099194,-119.7566818,847,"Arroyo Burro Back Trail"
"Nemophila menziesii","2016-03-15 13:27:18",34.5099208,-119.7566829,846,"Arroyo Burro Back Trail"
"Nemophila menziesii","2016-03-15 13:28:00",34.5102613,-119.7562226,847,"Arroyo Burro Back Trail"
"Nemophila menziesii","2016-03-17 09:34:04",34.4931932,-119.6362346,811,"Cold Spring Back"
"Nemophila menziesii","2016-03-17 09:34:35",34.4933921,-119.6361711,806,"Cold Spring Back"
"Nemophila menziesii","2016-03-17 09:39:45",34.4951934,-119.6364377,741,"Cold Spring Back"
"Nemophila menziesii","2016-03-17 11:42:15",34.5002054,-119.6107038,423,"Blue Canyon Trail Cot2Camuesa"
"Nemophila menziesii","2016-03-17 13:35:08",34.4953024,-119.6364566,745,"Cold Spring Back"
"Nemophila menziesii","2016-03-17 13:45:23",34.492801,-119.6362549,822,"Cold Spring Back"
"Nemophila menziesii","2016-03-22 10:42:42",34.4781696,-119.5662552,650,"Romero Back Rd."
"Nemophila menziesii","2016-03-22 10:44:23",34.4796948,-119.565346,665,"Romero Back Rd."
"Nemophila menziesii","2016-03-22 13:31:28",34.4932494,-119.6361192,818,"Cold Spring Back"
"Nemophila menziesii","2016-03-22 13:32:15",34.4929667,-119.6362461,814,"Cold Spring Back"
"Nemophila menziesii","2016-03-22 13:32:26",34.4927739,-119.6361937,800,"Cold Spring Back"
"Nemophila menziesii","2016-03-22 13:32:33",34.4926549,-119.6361782,802,"Cold Spring Back"
"Nemophila menziesii","2016-03-27 11:08:48",34.74736,-119.9749226,953,"Davey Brown Trail"
"Nemophila menziesii","2016-03-29 08:56:54",34.5099478,-119.7566805,816,"Arroyo Burro Back Trail"
"Nemophila menziesii","2016-03-31 08:43:09",34.4929336,-119.6363305,812,"Cold Spring Back"
"Nemophila menziesii","2016-03-31 10:28:11",34.4934234,-119.6362206,805,"Cold Spring Back"
"Nemophila menziesii","2016-03-31 10:28:18",34.4933778,-119.6362241,808,"Cold Spring Back"
"Nemophila menziesii","2016-04-02 14:07:00",34.5502858,-119.7857592,285,"Aliso Trail"
"Nemophila menziesii","2016-04-02 14:09:46",34.5515538,-119.785655,284,"Aliso Creek"
"Nemophila menziesii","2016-04-05 09:35:42",34.5002566,-119.6106878,418,"Blue Canyon Trail Cot2Camuesa"
"Nemophila menziesii","2016-04-05 10:57:27",34.4928468,-119.6362821,819,"Cold Spring Back"
"Nemophila menziesii","2016-04-07 14:09:35",34.4952393,-119.6364086,762,"Cold Spring Back"
"Nemophila menziesii","2016-04-07 14:16:57",34.4928666,-119.636187,822,"Cold Spring Back"
"Nemophila menziesii","2016-04-07 14:17:08",34.4927802,-119.6361855,814,"Cold Spring Back"
"Nemophila menziesii","2016-04-07 14:17:19",34.4928518,-119.6362984,810,"Cold Spring Back"
"Nemophila menziesii","2016-04-11 12:43:29",34.4913187,-119.5939648,506,"Romero Back Trail Below Rd."
"Nemophila menziesii","2016-04-11 14:41:28",34.4951675,-119.6364053,726,"Cold Spring Back"
"Nemophila menziesii","2016-04-11 14:50:07",34.4934192,-119.6361722,840.7999878,"Cold Spring Back"
"Nemophila menziesii","2016-04-11 14:52:30",34.4929101,-119.6362318,845.7999878,"Cold Spring Back"
"Nemophila menziesii","2016-04-13 12:45:53",34.5657932,-119.7611223,365,"Santa Cruz Trail (Upper Oso)"
"Nemophila menziesii","2016-04-13 15:20:32",34.5162077,-119.7566364,586,"Arroyo Burro Back Trail"
"Nemophila menziesii","2016-04-13 15:55:07",34.5097646,-119.7567741,784,"Arroyo Burro Back Trail"
"Nemophila menziesii","2016-04-13 15:55:13",34.5097579,-119.7566718,792,"Arroyo Burro Back Trail"
"Nemophila menziesii","2016-04-13 15:55:52",34.5101242,-119.7564456,804,"Arroyo Burro Back Trail"
"Nemophila menziesii","2016-04-17 08:48:15",34.6003487,-119.7486238,1295,"Little Pine Summit Trail"
"Nemophila menziesii","2016-04-17 08:49:07",34.6002891,-119.7487123,1298,"Little Pine Summit Trail"
"Nemophila menziesii","2016-04-17 09:36:57",34.6122266,-119.7487784,983,"Santa Cruz Back (LP2SC)"
"Nemophila menziesii","2016-04-17 09:38:00",34.6123846,-119.7485699,990,"Santa Cruz Back (LP2SC)"
"Nemophila menziesii","2016-04-26 11:26:32",34.5002547,-119.6106624,433,"Blue Canyon Trail Cot2Camuesa"
"Nemophila menziesii","2016-04-28 10:48:36",34.5659604,-119.7609777,376,"Santa Cruz Trail (Upper Oso)"
"Nemophila menziesii","2016-05-03 12:02:12",34.4929155,-119.6361764,807,"Cold Spring Back"
"Nemophila menziesii","2017-03-07 09:47:55",34.4775572,-119.5675653,705.2000122,"Romero Back Rd."
"Nemophila menziesii","2017-03-07 09:51:03",34.4781767,-119.5662854,631.5,"Romero Back Rd."
"Nemophila menziesii","2017-03-07 09:56:21",34.479612,-119.5653608,637.9000244,"Romero Back Rd."
"Nemophila menziesii","2017-03-07 10:15:17",34.4863571,-119.5603512,570.7000122,"Romero Back Rd."
"Nemophila menziesii","2017-03-07 12:23:18",34.499808,-119.6108326,437.1000061,"Blue Canyon Trail Cot2Camuesa"
"Nemophila menziesii","2017-03-07 12:23:49",34.5001377,-119.6106347,412.8999939,"Blue Canyon Trail Cot2Camuesa"
"Nemophila menziesii","2017-03-07 13:48:31",34.4913483,-119.5939314,487.2000122,"Romero Back Trail Below Rd."
"Nemophila menziesii","2017-03-09 09:43:24",34.4926801,-119.6362615,808.0999756,"Cold Spring Back"
"Nemophila menziesii","2017-03-09 09:43:47",34.4932541,-119.636307,812.0999756,"Cold Spring Back"
"Nemophila menziesii","2017-03-09 09:43:50",34.4932538,-119.6362397,814.5,"Cold Spring Back"
"Nemophila menziesii","2017-03-09 09:44:00",34.4934707,-119.6362323,833.2999878,"Cold Spring Back"
"Nemophila menziesii","2017-03-14 15:48:41",34.5099187,-119.7570838,806.9000244,"Arroyo Burro Back Trail"
"Nemophila menziesii","2017-03-14 15:48:48",34.5098186,-119.7569096,801.5999756,"Arroyo Burro Back Trail"
"Nemophila menziesii","2017-03-14 15:49:10",34.5099457,-119.7568247,811.2000122,"Arroyo Burro Back Trail"
"Nemophila menziesii","2017-03-14 15:49:18",34.5099446,-119.7567939,813.4000244,"Arroyo Burro Back Trail"
"Nemophila menziesii","2017-03-14 15:49:26",34.5100212,-119.756703,813.5999756,"Arroyo Burro Back Trail"
"Nemophila menziesii","2017-03-14 15:50:00",34.5103247,-119.7563975,834,"Arroyo Burro Back Trail"
"Nemophila menziesii","2017-03-14 15:50:16",34.5102843,-119.7562849,840.7999878,"Arroyo Burro Back Trail"
"Nemophila menziesii","2017-03-17 14:08:23",34.4934666,-119.6361487,803.4000244,"Cold Spring Back"
"Nemophila menziesii","2017-03-17 14:09:26",34.4932957,-119.6361532,818.5,"Cold Spring Back"
"Nemophila menziesii","2017-03-17 14:10:54",34.4929539,-119.6361044,826.4000244,"Cold Spring Back"
"Nemophila menziesii","2017-03-17 14:11:39",34.4929016,-119.6360877,827.7999878,"Cold Spring Back"
"Nemophila menziesii","2017-03-23 10:54:51",34.4930919,-119.6368593,800.0999756,"Cold Spring Back"
"Nemophila menziesii","2017-03-23 10:56:24",34.4927763,-119.6365874,800,"Cold Spring Back"
"Nemophila menziesii","2017-03-23 11:00:55",34.4925963,-119.6365122,819.7000122,"Cold Spring Back"
"Nemophila menziesii","2017-03-25 11:21:09",34.4699469,-119.2463011,473.2000122,"Foothill Trail"
"Nemophila menziesii","2017-03-25 14:13:48",34.5038899,-119.2335826,1114.300049,"Gridley Trail"
"Nemophila menziesii","2017-03-25 14:14:52",34.5041103,-119.2338651,1119.300049,"Gridley Trail"
"Nemophila menziesii","2017-03-29 15:23:01",34.5097925,-119.7569242,818.4000244,"Arroyo Burro Back Trail"
"Nemophila menziesii","2017-03-29 15:23:25",34.5099757,-119.7568047,822.7000122,"Arroyo Burro Back Trail"
"Nemophila menziesii","2017-03-29 15:23:36",34.5101527,-119.7567177,825.0999756,"Arroyo Burro Back Trail"
"Nemophila menziesii","2017-03-29 15:24:29",34.5102007,-119.7564006,832.2999878,"Arroyo Burro Back Trail"
"Nemophila menziesii","2017-04-05 13:13:15",34.5088491,-119.6312516,446.2999878,"CS Mono"
"Nemophila menziesii","2017-04-05 14:38:37",34.4928893,-119.6361774,823.7000122,"Cold Spring Back"
"Nemophila menziesii","2017-04-05 14:38:51",34.4929343,-119.6362094,823.7999878,"Cold Spring Back"
"Nemophila menziesii","2017-04-11 10:10:01",34.4940739,-119.5979581,503.3999939,"Blue Canyon Trail Cot2Rom"
"Nemophila menziesii","2017-04-11 10:51:19",34.5001861,-119.610742,462.8999939,"Blue Canyon Trail Cot2Camuesa"
"Nemophila menziesii","2018-04-03 12:04:07",34.5648013,-119.7651048,410,"Santa Cruz Creek Trail"
"Nemophila menziesii","2018-04-03 13:17:07",34.517691,-119.7569741,603.7999878,"Arroyo Burro Back Trail"
"Nemophila menziesii","2018-04-05 08:12:41",34.493343,-119.636197,859.4000244,"Cold Spring Back"
"Nemophila menziesii","2018-04-05 08:19:32",34.4952751,-119.6364691,801.2000122,"Cold Spring Back"
"Nemophila menziesii","2018-04-10 05:15:52",34.5176074,-119.7570845,631.2000122,"Arroyo Burro Back Trail"
"Nemophila menziesii","2018-04-10 09:29:50",34.5178036,-119.7570622,587.5999756,"Arroyo Burro Back Trail"
"Nemophila menziesii","2018-04-10 09:30:47",34.5175562,-119.7567667,593.9000244,"Arroyo Burro Back Trail"
"Nemophila menziesii","2018-04-10 09:30:52",34.5175304,-119.7567669,594.4000244,"Arroyo Burro Back Trail"
"Nemophila menziesii","2018-04-10 09:58:07",34.5097214,-119.7569647,837.4000244,"Arroyo Burro Back Trail"
"Nemophila menziesii","2018-04-10 09:58:22",34.5097561,-119.756904,839.2000122,"Arroyo Burro Back Trail"
"Nemophila menziesii","2018-04-10 09:58:58",34.5099366,-119.7567288,842.2000122,"Arroyo Burro Back Trail"
"Nemophila menziesii","2018-04-10 09:59:03",34.5099788,-119.7567072,842.5,"Arroyo Burro Back Trail"
"Nemophila menziesii","2018-04-10 09:59:37",34.5101436,-119.7564602,845,"Arroyo Burro Back Trail"
"Nemophila menziesii","2018-04-10 09:59:57",34.5102051,-119.7562987,846.5,"Arroyo Burro Back Trail"
"Nemophila menziesii","2018-04-10 10:00:00",34.5102102,-119.7562744,846.7999878,"Arroyo Burro Back Trail"
"Nemophila menziesii","2018-04-12 07:21:19",34.4934822,-119.6362342,872.2999878,"Cold Spring Back"
"Nemophila menziesii","2018-04-12 08:01:26",34.494269,-119.6209841,531.5999756,"Forbush Canyon Trail"
"Nemophila menziesii","2018-04-12 08:27:23",34.4996831,-119.6110282,463,"Blue Canyon Trail Cot2Camuesa"
"Nemophila menziesii","2018-04-12 08:27:55",34.499846,-119.6109422,458,"Blue Canyon Trail Cot2Camuesa"
"Nemophila menziesii","2018-04-12 08:28:04",34.4999069,-119.610887,456.5,"Blue Canyon Trail Cot2Camuesa"
"Nemophila menziesii","2018-04-12 09:18:15",34.4941635,-119.6062711,480.5,"Blue Canyon Trail Cot2Rom"
"Nemophila menziesii","2018-04-12 10:12:28",34.4940911,-119.6061239,495.7999878,"Blue Canyon Trail Cot2Rom"
"Nemophila menziesii","2018-04-12 10:35:18",34.4941496,-119.6209289,527,"Forbush Canyon Trail"
"Nemophila menziesii","2018-04-15 09:34:39",34.5376257,-119.9582094,710.2000122,"Tequepis Trail"
"Nemophila menziesii","2018-04-15 10:29:21",34.5402068,-119.9552926,553.7999878,"Tequepis Trail"
"Nemophila menziesii","2018-04-22 09:47:52",34.4928584,-119.636311,894.2000122,"Cold Spring Back"
"Nemophila menziesii","2018-04-22 13:43:08",34.4982376,-119.6790883,787.0999756,"Gibraltar Back Rd."
"Nemophila menziesii","2019-03-07 11:02:01",34.4935036,-119.6362856,824.5999756,"Cold Spring Back"
"Nemophila menziesii","2019-03-07 11:31:44",34.4934492,-119.6362357,825.0999756,"Cold Spring Back"
"Nemophila menziesii","2019-03-12 10:03:18",34.4931753,-119.6360861,889.4000244,"Cold Spring Back"
"Nemophila menziesii","2019-03-14 14:29:58",34.4942355,-119.6210915,463.7000122,"Forbush Canyon Trail"
"Nemophila menziesii","2019-03-14 15:26:10",34.491374,-119.5940303,478.7999878,"Romero Back Trail Below Rd."
"Nemophila menziesii","2019-03-19 14:18:04",34.5177071,-119.7569671,629,"Arroyo Burro Back Trail"
"Nemophila menziesii","2019-03-19 14:48:00",34.5099952,-119.7566032,882.4000244,"Arroyo Burro Back Trail"
"Nemophila menziesii","2019-03-19 14:48:05",34.5100394,-119.7565698,880.2000122,"Arroyo Burro Back Trail"
"Nemophila menziesii","2019-03-19 14:48:58",34.5102278,-119.7564062,890.4000244,"Arroyo Burro Back Trail"
"Nemophila menziesii","2019-03-24 10:01:17",34.4927258,-119.636297,885,"Cold Spring Back"
"Nemophila menziesii","2019-03-24 10:01:39",34.4929877,-119.6362567,880.5999756,"Cold Spring Back"
"Nemophila menziesii","2019-03-24 10:01:48",34.4930783,-119.6362665,878.7999878,"Cold Spring Back"
"Nemophila menziesii","2019-03-24 10:02:04",34.4932731,-119.6362729,875.9000244,"Cold Spring Back"
"Nemophila menziesii","2019-03-24 10:02:12",34.4933652,-119.6362782,874.7000122,"Cold Spring Back"
"Nemophila menziesii","2019-03-24 10:38:26",34.5075533,-119.6324377,520.7999878,"Cold Spring For2Grotto"
"Nemophila menziesii","2019-03-26 12:35:34",34.5997919,-119.74823,1340.5,"Little Pine Summit Trail"
"Nemophila menziesii","2019-03-26 12:35:49",34.5997657,-119.7481788,1341.699951,"Little Pine Summit Trail"
"Nemophila menziesii","2019-03-26 12:36:00",34.5997225,-119.7480976,1343,"Little Pine Summit Trail"
"Nemophila menziesii","2019-03-26 12:36:06",34.5997053,-119.7480658,1343.699951,"Little Pine Summit Trail"
"Nemophila menziesii","2019-03-26 12:36:40",34.5995866,-119.7478125,1348.099976,"Little Pine Summit Trail"
"Nemophila menziesii","2019-03-26 12:37:59",34.5993562,-119.7469706,1357.199951,"Little Pine Summit Trail"
"Nemophila menziesii","2019-03-26 12:40:26",34.5989345,-119.7454748,1355.300049,"Little Pine Summit Trail"
"Nemophila menziesii","2019-03-26 12:40:37",34.5989294,-119.745458,1354.400024,"Little Pine Summit Trail"
"Nemophila menziesii","2019-03-26 12:40:42",34.5989305,-119.7454211,1353.900024,"Little Pine Summit Trail"
"Nemophila menziesii","2019-03-26 12:40:52",34.5989366,-119.7453578,1353,"Little Pine Summit Trail"
"Nemophila menziesii","2019-03-26 12:41:26",34.59897,-119.745205,1349.5,"Little Pine Summit Trail"
"Nemophila menziesii","2019-03-26 12:41:31",34.5989942,-119.7451609,1349.099976,"Little Pine Summit Trail"
"Nemophila menziesii","2019-03-26 15:26:26",34.5633085,-119.768862,409.7000122,"Camuesa Canyon FRd"
"Nemophila menziesii","2019-03-26 16:48:33",34.5177604,-119.7570105,604,"Arroyo Burro Back Trail"
"Nemophila menziesii","2019-04-02 11:15:31",34.4928167,-119.6362488,880.7999878,"Cold Spring Back"
"Nemophila menziesii","2019-04-02 11:50:51",34.4934834,-119.6361153,831.4000244,"Cold Spring Back"
"Nemophila menziesii","2019-04-07 10:20:04",34.7757095,-119.8558606,1202.699951,"Hurricane Deck Trail"
"Nemophila menziesii","2019-04-07 10:21:34",34.7747324,-119.8549275,1210.300049,"Hurricane Deck Trail"
"Nemophila menziesii","2019-04-07 11:25:30",34.7589117,-119.8108435,1040.800049,"Hurricane Deck Trail"
"Nemophila menziesii","2019-04-07 11:30:18",34.7589976,-119.8097518,1020.200012,"Hurricane Deck Trail"
"Nemophila menziesii","2019-04-07 11:33:27",34.7584562,-119.8062137,997,"Hurricane Deck Trail"
"Nemophila menziesii","2019-04-07 11:33:35",34.7584471,-119.806131,995.4000244,"Hurricane Deck Trail"
"Nemophila menziesii","2019-04-07 11:34:49",34.7584577,-119.8060271,982.2999878,"Hurricane Deck Trail"
"Nemophila menziesii","2019-04-07 11:35:45",34.7585489,-119.8060855,974.5,"Hurricane Deck Trail"
"Nemophila menziesii","2019-04-07 11:36:09",34.7585447,-119.8060588,972.7999878,"Hurricane Deck Trail"
"Nemophila menziesii","2019-04-07 12:04:44",34.7582442,-119.8061071,958.2999878,"Upper Manzana Trail"
"Nemophila menziesii","2019-04-07 12:35:53",34.7513697,-119.8243736,1068.400024,"Upper Manzana Trail"
"Nemophila menziesii","2019-04-07 12:47:12",34.7502054,-119.8312624,1150.300049,"Upper Manzana Trail"
"Nemophila menziesii","2019-04-07 12:50:39",34.7501196,-119.8324077,1170.699951,"Upper Manzana Trail"
"Nemophila menziesii","2019-04-07 12:59:06",34.7505127,-119.8385057,1229.599976,"Upper Manzana Trail"
"Nemophila menziesii","2019-04-07 13:01:45",34.7510005,-119.8404774,1241,"Upper Manzana Trail"
"Nemophila menziesii","2019-04-07 13:20:01",34.7451705,-119.8534886,1157.099976,"Upper Manzana Trail"
"Nemophila menziesii","2019-04-07 13:24:37",34.7434163,-119.8582244,1136.900024,"Upper Manzana Trail"
"Nemophila menziesii","2019-04-09 12:07:05",34.4653145,-119.6432603,705.2000122,"Cold Spring Above Powerlines"
"Nemophila menziesii","2019-04-11 12:09:27",34.4734437,-119.5004844,961.0999756,"Franklin Back Trail"
"Nemophila menziesii","2019-04-14 13:14:48",34.5177997,-119.7571032,584.7999878,"Arroyo Burro Back Trail"
"Nemophila menziesii","2019-04-14 13:52:58",34.5095907,-119.7571254,844.0999756,"Arroyo Burro Back Trail"
"Nemophila menziesii","2019-04-14 13:54:21",34.5101047,-119.7565551,851.9000244,"Arroyo Burro Back Trail"
"Nemophila menziesii","2019-04-16 11:18:56",34.4926811,-119.63641,892.7000122,"Cold Spring Back"
"Nemophila menziesii","2020-02-01 12:18:06",34.4928553,-119.6362167,885,"Cold Spring Back"
"Nemophila menziesii","2020-02-18 11:11:47",34.4929082,-119.636253,894.5999756,"Cold Spring Back"
"Nemophila menziesii","2020-02-27 13:03:05",34.4934654,-119.6361727,835.5999756,"Cold Spring Back"
"Nemophila menziesii","2020-02-27 13:03:41",34.4932309,-119.6361775,838.2000122,"Cold Spring Back"
"Nemophila menziesii","2020-03-01 13:33:29",34.4811072,-119.495355,749.2000122,"Franklin Back Trail"
"Nemophila menziesii","2020-03-01 13:33:54",34.4812304,-119.4954029,745.2000122,"Franklin Back Trail"
"Nemophila menziesii","2020-03-08 11:06:28",34.4928408,-119.6362488,886.2000122,"Cold Spring Back"
"Nemophila menziesii","2020-03-15 17:56:23",34.5098875,-119.7568171,849,"Arroyo Burro Back Trail"
"Nemophila menziesii","2020-03-17 13:19:40",34.4926977,-119.6362771,882.9000244,"Cold Spring Back"
"Nemophila menziesii","2020-03-17 13:19:49",34.4927865,-119.6362498,881.4000244,"Cold Spring Back"
"Nemophila menziesii","2020-03-17 13:19:57",34.492869,-119.6362225,880.2000122,"Cold Spring Back"
"Nemophila menziesii","2020-03-17 15:43:20",34.4928681,-119.6362683,852.2000122,"Cold Spring Back"
"Nemophila menziesii","2020-03-25 09:56:54",34.4927932,-119.6362793,882,"Cold Spring Back"
"Nemophila menziesii","2020-03-25 09:58:30",34.4931201,-119.6362205,867.7000122,"Cold Spring Back"
"Nemophila menziesii","2020-03-25 10:03:13",34.4953305,-119.6364741,815,"Cold Spring Back"
"Nemophila menziesii","2020-03-27 13:56:39",34.5998482,-119.7483532,1330.5,"Little Pine Summit Trail"
"Nemophila menziesii","2020-03-27 13:59:53",34.5993773,-119.7472159,1351.599976,"Little Pine Summit Trail"
"Nemophila menziesii","2020-03-27 14:04:34",34.5987643,-119.7452777,1344.099976,"Little Pine Summit Trail"
"Nemophila menziesii","2020-03-27 14:27:46",34.5990401,-119.7549113,1222.400024,"Santa Cruz Back (LP2SC)"
"Nemophila menziesii","2020-03-27 14:35:43",34.5991916,-119.754748,1199.900024,"Santa Cruz Back (LP2SC)"
"Nemophila menziesii","2020-03-27 16:03:58",34.5633169,-119.7688404,403.7000122,"Camuesa Canyon FRd"
"Nemophila menziesii","2020-03-27 17:26:29",34.5176906,-119.7570399,599.9000244,"Arroyo Burro Back Trail"
"Nemophila menziesii","2020-03-27 17:56:54",34.5100207,-119.7570859,810.4000244,"Arroyo Burro Back Trail"
"Nemophila menziesii","2020-03-27 17:59:42",34.5098064,-119.7568343,840,"Arroyo Burro Back Trail"
"Nemophila menziesii","2020-03-27 18:00:29",34.5100861,-119.7565477,848.4000244,"Arroyo Burro Back Trail"
"Nemophila menziesii","2020-03-31 10:30:28",34.4780466,-119.5663838,719.2999878,"Romero Back Rd."
"Nemophila menziesii","2020-03-31 10:32:09",34.4795657,-119.5653905,705.2000122,"Romero Back Rd."
"Nemophila menziesii","2020-03-31 11:10:08",34.4839459,-119.5568239,658.7000122,"Blue Tributary2"
"Nemophila menziesii","2020-03-31 11:56:58",34.4857925,-119.5600978,636.2000122,"Blue Tributary2"
"Nemophila menziesii","2020-03-31 13:26:47",34.4913705,-119.5940495,522.5999756,"Romero Back Trail Below Rd."
"Nemophila menziesii","2020-04-02 11:41:44",34.49406,-119.6061541,491.8999939,"Blue Canyon Trail Cot2Rom"
"Nemophila menziesii","2020-04-02 11:42:36",34.4940991,-119.6062412,489.6000061,"Blue Canyon Trail Cot2Rom"
"Nemophila menziesii","2020-04-02 11:59:32",34.4998627,-119.610959,475.2000122,"Blue Canyon Trail Cot2Camuesa"
"Nemophila menziesii","2020-04-02 14:22:15",34.494046,-119.6201825,512.5999756,"Forbush Canyon Trail"
"Nemophila menziesii","2020-04-02 14:23:15",34.4942132,-119.6209386,518,"Forbush Canyon Trail"
"Nemophila menziesii","2020-04-02 15:25:52",34.4952998,-119.6363974,773.2999878,"Cold Spring Back"
"Nemophila menziesii","2020-04-02 15:34:33",34.4934979,-119.6361724,833.2999878,"Cold Spring Back"
"Nemophila menziesii","2020-04-02 15:34:59",34.4932328,-119.636156,835.4000244,"Cold Spring Back"
"Nemophila menziesii","2020-04-10 11:53:13",34.4982821,-119.6791862,798.0999756,"Gibraltar Back Rd."
"Nemophila menziesii","2020-04-10 11:53:41",34.4984354,-119.6789775,796.2999878,"Gibraltar Back Rd."
"Nemophila menziesii","2020-04-10 15:54:07",34.4952808,-119.6364259,773.4000244,"Cold Spring Back"
"Nemophila menziesii","2020-04-10 16:00:58",34.4934432,-119.6361363,828.2999878,"Cold Spring Back"
"Nemophila menziesii","2020-04-10 16:01:38",34.4930688,-119.636161,830.2999878,"Cold Spring Back"
"Nemophila menziesii","2020-04-12 13:39:29",34.4734843,-119.5004376,929.0999756,"Franklin Back Trail"
"Nemophila menziesii","2020-04-12 13:40:01",34.4734818,-119.5005448,923.9000244,"Franklin Back Trail"
"Nemophila menziesii","2020-04-12 14:06:56",34.4771454,-119.4960768,829.5,"Franklin Back Trail"
"Nemophila menziesii","2020-04-12 14:15:48",34.4794495,-119.49485,803.7999878,"Alder Creek"
"Nemophila menziesii","2020-04-12 14:17:49",34.4799408,-119.4946817,789.0999756,"Franklin Back Trail"
"Nemophila menziesii","2020-04-12 14:25:49",34.4810922,-119.4954029,751.5999756,"Franklin Back Trail"
"Nemophila menziesii","2020-04-12 14:41:34",34.4834182,-119.4962451,684.7999878,"Franklin Back Trail"
"Nemophila menziesii","2020-04-12 14:43:36",34.4841014,-119.495991,688.2000122,"Franklin Back Trail"
"Nemophila menziesii","2020-04-12 16:31:57",34.4845459,-119.5578119,660.7999878,"Blue Tributary2"
"Nemophila menziesii","2020-04-12 16:54:33",34.4863421,-119.5602953,638.7000122,"Romero Back Rd."
"Nemophila menziesii","2020-04-12 17:23:05",34.4780413,-119.5662268,697,"Romero Back Rd."
"Nemophila menziesii","2020-04-15 10:02:33",34.492746,-119.6363158,888,"Cold Spring Back"
"Nemophila menziesii","2020-04-15 10:38:30",34.4943077,-119.6209831,535.7999878,"Forbush Canyon Trail"
"Nemophila menziesii","2020-04-15 10:54:31",34.4954343,-119.6136565,481.6000061,"Cottam Meadow"
"Nemophila menziesii","2020-04-15 11:08:19",34.4953769,-119.6134909,477.1000061,"Cottam Meadow"
"Nemophila menziesii","2020-04-17 13:26:41",34.5498815,-119.7334265,571.7999878,"Camuesa Rd. Connector Trail"
"Nemophila menziesii","2020-04-17 13:33:20",34.5496954,-119.7347116,617.5,"Camuesa Rd. Connector Trail"
"Nemophila menziesii","2020-04-17 18:55:28",34.5097317,-119.7569503,841.5999756,"Arroyo Burro Back Trail"
"Nemophila menziesii","2020-04-20 11:53:33",34.4938963,-119.6058467,494,"Blue Canyon Trail Cot2Rom"
"Nemophila menziesii","2020-04-20 12:20:21",34.5000132,-119.6108394,476.6000061,"Blue Canyon Trail Cot2Camuesa"
"Nemophila menziesii","2020-04-20 13:34:56",34.4913592,-119.5940618,522.4000244,"Romero Back Trail Below Rd."
"Nemophila menziesii","2020-04-28 07:34:03",34.4928448,-119.6362351,884,"Cold Spring Back"
"Nemophila menziesii","2020-04-28 10:04:03",34.5088687,-119.6312347,480.7000122,"CS Mono"
"Nemophila menziesii","2020-04-28 11:35:02",34.4928714,-119.6362155,836.7000122,"Cold Spring Back"
"Nemophila menziesii","2020-04-30 12:45:36",34.5100954,-119.7564829,853.2999878,"Arroyo Burro Back Trail"
"Nemophila menziesii","2021-02-28 14:37:00",34.4928884,-119.6361715,839.2999878,"Cold Spring Back"
"Nemophila menziesii","2021-03-23 11:26:48",34.4931803,-119.6362066,862,"Cold Spring Back"
"Nemophila menziesii","2021-03-23 13:23:49",34.4934442,-119.6361718,830.4000244,"Cold Spring Back"
"Nemophila menziesii","2021-03-26 13:33:06",34.4776351,-119.4959558,828,"Franklin Back Trail"
"Nemophila menziesii","2021-03-26 13:44:30",34.4811661,-119.4953904,750.9000244,"Franklin Back Trail"
"Nemophila menziesii","2021-03-26 14:03:23",34.4852637,-119.495745,673.4000244,"Franklin Back Trail"
"Nemophila menziesii","2021-04-02 11:54:53",34.5497527,-119.7333934,573.5999756,"Camuesa Rd. Connector Trail"
"Nemophila menziesii","2021-04-02 15:48:00",34.5177385,-119.7570014,607.7999878,"Arroyo Burro Back Trail"
"Nemophila menziesii","2021-04-02 16:40:34",34.5101849,-119.7563434,854.9000244,"Arroyo Burro Back Trail"
"Nemophila menziesii","2021-04-09 11:34:19",34.4927834,-119.636346,887.0999756,"Cold Spring Back"
"Nemophila menziesii","2021-04-09 13:14:24",34.4953145,-119.6363855,770.2999878,"Cold Spring Back"
"Nemophila menziesii","2021-04-12 14:30:37",34.5002177,-119.6106163,469,"Blue Canyon Trail Cot2Camuesa"
"Nemophila menziesii","2021-04-12 14:54:14",34.4942371,-119.6063421,481.7999878,"Blue Canyon Trail Cot2Rom"
"Nemophila menziesii","2021-04-12 15:48:24",34.4913767,-119.5940447,524.0999756,"Romero Back Trail Below Rd."
"Nemophila menziesii","2021-04-14 14:38:55",34.5088852,-119.6311825,479.2000122,"CS Mono"
"Nemophila menziesii","2021-04-14 15:46:23",34.4930046,-119.6361361,822.9000244,"Cold Spring Back"
"Nemophila menziesii","2021-04-18 15:36:22",34.4929813,-119.6361802,831.7999878,"Cold Spring Back"
"Nemophila menziesii","2022-01-16 10:32:59",34.493169,-119.63613,834.7000122,"Cold Spring Back"
"Nemophila menziesii","2022-01-23 09:13:58",34.4932311,-119.6031185,398.5,"Blue Canyon Trail Cot2Rom"
"Nemophila menziesii","2022-01-23 12:28:40",34.4934245,-119.6361407,834.4000244,"Cold Spring Back"
"Nemophila menziesii","2022-01-30 12:39:17",34.4811256,-119.4953713,741.4000244,"Franklin Back Trail"
"Nemophila menziesii","2022-02-17 11:40:27",34.5495799,-119.7334125,570.2999878,"Camuesa Rd. Connector Trail"
"Nemophila menziesii","2022-02-17 11:41:06",34.5748408,-119.7679106,642.2999878,"Santa Cruz Trail (Upper Oso)"
"Nemophila menziesii","2022-02-17 15:20:47",34.5177366,-119.7569991,594.2000122,"Arroyo Burro Back Trail"
"Nemophila menziesii","2022-02-21 09:59:36",34.4929033,-119.6362772,845.2999878,"Cold Spring Back"
"Nemophila menziesii","2022-02-27 10:57:27",34.5606446,-119.7704452,273.7000122,"Santa Cruz Creek Trail"
"Nemophila menziesii","2022-02-27 12:31:45",34.5632948,-119.7688142,299,"Camuesa Canyon FRd"
"Nemophila menziesii","2022-02-27 13:55:07",34.5176915,-119.7569517,508.2999878,"Arroyo Burro Back Trail"
"Nemophila menziesii","2022-02-27 14:23:47",34.5097477,-119.7568569,758.0999756,"Arroyo Burro Back Trail"
"Nemophila menziesii","2022-02-27 14:25:20",34.5103705,-119.7562389,773.2000122,"Arroyo Burro Back Trail"
"Nemophila menziesii","2022-03-03 11:24:08",34.4943212,-119.6210144,513.5999756,"Forbush Canyon Trail"
"Nemophila menziesii","2022-03-03 11:37:46",34.500182,-119.6108832,469.7999878,"Blue Canyon Trail Cot2Camuesa"
"Nemophila menziesii","2022-03-03 14:25:04",34.4933874,-119.6359555,855.2000122,"Cold Spring Back"
"Nemophila menziesii","2022-03-06 13:31:44",34.4801365,-119.494426,689.7999878,"Franklin Back Trail"
"Nemophila menziesii","2022-03-06 13:38:59",34.4810446,-119.4953175,663.9000244,"Franklin Back Trail"
"Nemophila menziesii","2022-03-06 16:29:30",34.4863397,-119.5604425,572.5999756,"Romero Back Rd."
"Nemophila menziesii","2022-03-06 17:00:27",34.4789435,-119.5673408,641.7999878,"Romero Back Rd."
"Nemophila menziesii","2022-03-10 13:04:50",34.4929104,-119.6361174,833.2999878,"Cold Spring Back"
"Nemophila menziesii","2022-03-20 14:38:52",34.5177146,-119.7568807,594.5,"Arroyo Burro Back Trail"
"Nemophila menziesii","2022-03-20 15:10:10",34.5100339,-119.7566694,830.5,"Arroyo Burro Back Trail"
"Nemophila menziesii","2022-03-24 11:09:52",34.4941683,-119.6062331,494,"Blue Canyon Trail Cot2Rom"
"Nemophila menziesii","2022-03-24 13:22:40",34.5089145,-119.6311331,466.5,"CS Mono"
"Nemophila menziesii","2022-03-27 15:14:34",34.5176311,-119.7569012,622.7999878,"Arroyo Burro Back Trail"
"Nemophila menziesii","2022-03-27 15:48:01",34.5101935,-119.7564396,884.4000244,"Arroyo Burro Back Trail"
"Nemophila menziesii","2022-03-31 11:48:40",34.5143059,-119.6865441,464.5,"Devil's Canyon Trail"
"Nemophila menziesii","2022-03-31 11:51:57",34.5140604,-119.6880189,464.2000122,"Devil's Canyon Trail"
"Nemophila menziesii","2022-03-31 12:53:55",34.5032395,-119.6941697,839.0999756,"Matias Trail"
"Nemophila menziesii","2022-04-03 13:45:17",34.4794331,-119.4946948,779.0999756,"Franklin Back Trail"
"Nemophila menziesii","2022-04-03 15:18:32",34.4841457,-119.4959397,672,"Franklin Back Trail"
"Nemophila menziesii","2022-04-03 15:22:28",34.4850659,-119.4955549,670.2000122,"Franklin Back FRd."
"Nemophila parviflora parviflora","2017-11-06 00:00:00",34.4970333,-119.6374484,751,"Forbush Camp"
"Nemophila parviflora parviflora","2019-03-07 11:16:54",34.4971773,-119.6383839,715.5,"Forbush Meadow"
"Nemophila sp.","2019-02-14 16:11:17",34.4579586,-119.6378477,362.3999939,"Saddlerock Connector"
"Nemophila sp.","2019-02-14 16:17:15",34.4574615,-119.6367282,387.7999878,"Saddlerock Connector"
"Nemophila sp.","2019-02-14 16:18:17",34.4573668,-119.6363685,393,"Saddlerock Connector"
"Nemophila sp.","2019-02-14 16:20:37",34.457067,-119.6353683,404.7999878,"Saddlerock Connector"
"Nemophila sp.","2019-03-07 12:58:23",34.4621844,-119.6497801,451.5,"Cold Spring Below Powerlines"
"Nemophila sp.","2019-03-09 11:41:48",34.4579108,-119.637762,357.2000122,"Saddlerock Connector"
"Nemophila sp.","2019-03-09 11:46:49",34.4573262,-119.6366008,395.7000122,"Saddlerock Connector"
"Nemophila sp.","2019-03-09 13:14:37",34.4563355,-119.6300386,408.8999939,"Girard Trail"
"Nemophila sp.","2019-03-12 13:27:35",34.4628578,-119.6490257,474.7999878,"Cold Spring Below Powerlines"
